feature,shap_value,abs_shap_value,customer_id,churn_probability
num__churn_score,-5.445121,5.445121,3551-GAEGL,0.0006535782
num__tenure_months,-0.357917,0.357917,3551-GAEGL,0.0006535782
num__monthly_charges,-0.33400795,0.33400795,3551-GAEGL,0.0006535782
cat__city_Pasadena,-0.3208687,0.3208687,3551-GAEGL,0.0006535782
cat__city_San Diego,0.28649348,0.28649348,3551-GAEGL,0.0006535782
cat__contract_type_Two year,-0.22723538,0.22723538,3551-GAEGL,0.0006535782
cat__contract_type_Month-to-month,0.2219557,0.2219557,3551-GAEGL,0.0006535782
cat__payment_method_Electronic check,0.15988657,0.15988657,3551-GAEGL,0.0006535782
cat__city_Riverside,-0.1549518,0.1549518,3551-GAEGL,0.0006535782
num__partner,0.12514709,0.12514709,3551-GAEGL,0.0006535782
cat__city_Anaheim,-0.10650227,0.10650227,3551-GAEGL,0.0006535782
cat__payment_method_Bank transfer (automatic),0.09347834,0.09347834,3551-GAEGL,0.0006535782
num__total_charges,-0.08272102,0.08272102,3551-GAEGL,0.0006535782
num__dependents,0.08264652,0.08264652,3551-GAEGL,0.0006535782
num__num_services,0.073669314,0.073669314,3551-GAEGL,0.0006535782
cat__city_Modesto,-0.06205441,0.06205441,3551-GAEGL,0.0006535782
num__cltv,0.054992348,0.054992348,3551-GAEGL,0.0006535782
cat__payment_method_Mailed check,-0.046848267,0.046848267,3551-GAEGL,0.0006535782
cat__payment_method_Credit card (automatic),-0.0415437,0.0415437,3551-GAEGL,0.0006535782
cat__city_Inglewood,-0.030608475,0.030608475,3551-GAEGL,0.0006535782
cat__city_Los Angeles,-0.030322375,0.030322375,3551-GAEGL,0.0006535782
cat__city_Oakland,0.02512981,0.02512981,3551-GAEGL,0.0006535782
num__has_internet,0.024027634,0.024027634,3551-GAEGL,0.0006535782
num__senior_citizen,-0.016158365,0.016158365,3551-GAEGL,0.0006535782
cat__city_Sacramento,0.012800184,0.012800184,3551-GAEGL,0.0006535782
cat__city_San Francisco,0.009436494,0.009436494,3551-GAEGL,0.0006535782
cat__gender_Female,-0.008157507,0.008157507,3551-GAEGL,0.0006535782
cat__contract_type_One year,0.0060668415,0.0060668415,3551-GAEGL,0.0006535782
cat__gender_Male,-0.001904028,0.001904028,3551-GAEGL,0.0006535782
cat__city_Fresno,0.0015527438,0.0015527438,3551-GAEGL,0.0006535782
cat__city_San Jose,-0.00056820177,0.00056820177,3551-GAEGL,0.0006535782
cat__city_Wilton,0.0,0.0,3551-GAEGL,0.0006535782
cat__city_Wilseyville,0.0,0.0,3551-GAEGL,0.0006535782
cat__city_Wilmington,0.0,0.0,3551-GAEGL,0.0006535782
cat__city_Willows,0.0,0.0,3551-GAEGL,0.0006535782
cat__city_Willow Creek,0.0,0.0,3551-GAEGL,0.0006535782
cat__city_Willits,0.0,0.0,3551-GAEGL,0.0006535782
cat__city_Williams,0.0,0.0,3551-GAEGL,0.0006535782
cat__city_Wildomar,0.0,0.0,3551-GAEGL,0.0006535782
cat__city_Whittier,0.0,0.0,3551-GAEGL,0.0006535782
cat__city_Whitmore,0.0,0.0,3551-GAEGL,0.0006535782
cat__city_Whitethorn,0.0,0.0,3551-GAEGL,0.0006535782
cat__city_White Water,0.0,0.0,3551-GAEGL,0.0006535782
cat__city_Wheatland,0.0,0.0,3551-GAEGL,0.0006535782
cat__city_Westwood,0.0,0.0,3551-GAEGL,0.0006535782
cat__city_Arnold,0.0,0.0,3551-GAEGL,0.0006535782
cat__city_Armona,0.0,0.0,3551-GAEGL,0.0006535782
cat__city_Arcata,0.0,0.0,3551-GAEGL,0.0006535782
cat__city_Arcadia,0.0,0.0,3551-GAEGL,0.0006535782
cat__city_Arbuckle,0.0,0.0,3551-GAEGL,0.0006535782
cat__city_Aptos,0.0,0.0,3551-GAEGL,0.0006535782
cat__city_Applegate,0.0,0.0,3551-GAEGL,0.0006535782
cat__city_Apple Valley,0.0,0.0,3551-GAEGL,0.0006535782
cat__city_Anza,0.0,0.0,3551-GAEGL,0.0006535782
cat__city_Antioch,0.0,0.0,3551-GAEGL,0.0006535782
cat__city_Antelope,0.0,0.0,3551-GAEGL,0.0006535782
cat__city_Zenia,0.0,0.0,3551-GAEGL,0.0006535782
cat__city_Yucca Valley,0.0,0.0,3551-GAEGL,0.0006535782
cat__city_Yucaipa,0.0,0.0,3551-GAEGL,0.0006535782
cat__city_Yuba City,0.0,0.0,3551-GAEGL,0.0006535782
cat__city_Baker,0.0,0.0,3551-GAEGL,0.0006535782
cat__city_Badger,0.0,0.0,3551-GAEGL,0.0006535782
cat__city_Azusa,0.0,0.0,3551-GAEGL,0.0006535782
cat__city_Avila Beach,0.0,0.0,3551-GAEGL,0.0006535782
cat__city_Avery,0.0,0.0,3551-GAEGL,0.0006535782
cat__city_Avenal,0.0,0.0,3551-GAEGL,0.0006535782
cat__city_Avalon,0.0,0.0,3551-GAEGL,0.0006535782
cat__city_Auburn,0.0,0.0,3551-GAEGL,0.0006535782
cat__city_Auberry,0.0,0.0,3551-GAEGL,0.0006535782
cat__city_Atwater,0.0,0.0,3551-GAEGL,0.0006535782
cat__city_Atherton,0.0,0.0,3551-GAEGL,0.0006535782
cat__city_Atascadero,0.0,0.0,3551-GAEGL,0.0006535782
cat__city_Arvin,0.0,0.0,3551-GAEGL,0.0006535782
cat__city_Artesia,0.0,0.0,3551-GAEGL,0.0006535782
cat__city_Arroyo Grande,0.0,0.0,3551-GAEGL,0.0006535782
cat__city_Aromas,0.0,0.0,3551-GAEGL,0.0006535782
cat__city_Ben Lomond,0.0,0.0,3551-GAEGL,0.0006535782
cat__city_Belvedere Tiburon,0.0,0.0,3551-GAEGL,0.0006535782
cat__city_Belmont,0.0,0.0,3551-GAEGL,0.0006535782
cat__city_Bellflower,0.0,0.0,3551-GAEGL,0.0006535782
cat__city_Bella Vista,0.0,0.0,3551-GAEGL,0.0006535782
cat__city_Bell,0.0,0.0,3551-GAEGL,0.0006535782
cat__city_Beaumont,0.0,0.0,3551-GAEGL,0.0006535782
cat__city_Beale Afb,0.0,0.0,3551-GAEGL,0.0006535782
cat__city_Bayside,0.0,0.0,3551-GAEGL,0.0006535782
cat__city_Bass Lake,0.0,0.0,3551-GAEGL,0.0006535782
cat__city_Barstow,0.0,0.0,3551-GAEGL,0.0006535782
cat__city_Banning,0.0,0.0,3551-GAEGL,0.0006535782
cat__city_Bangor,0.0,0.0,3551-GAEGL,0.0006535782
cat__city_Ballico,0.0,0.0,3551-GAEGL,0.0006535782
cat__city_Baldwin Park,0.0,0.0,3551-GAEGL,0.0006535782
cat__city_Bakersfield,0.0,0.0,3551-GAEGL,0.0006535782
cat__city_Biggs,0.0,0.0,3551-GAEGL,0.0006535782
cat__city_Big Sur,0.0,0.0,3551-GAEGL,0.0006535782
cat__city_Big Pine,0.0,0.0,3551-GAEGL,0.0006535782
cat__city_Big Oak Flat,0.0,0.0,3551-GAEGL,0.0006535782
cat__city_Big Creek,0.0,0.0,3551-GAEGL,0.0006535782
cat__city_Big Bend,0.0,0.0,3551-GAEGL,0.0006535782
cat__city_Big Bear Lake,0.0,0.0,3551-GAEGL,0.0006535782
cat__city_Big Bear City,0.0,0.0,3551-GAEGL,0.0006535782
cat__city_Big Bar,0.0,0.0,3551-GAEGL,0.0006535782
cat__city_Bieber,0.0,0.0,3551-GAEGL,0.0006535782
cat__city_Beverly Hills,0.0,0.0,3551-GAEGL,0.0006535782
cat__city_Bethel Island,0.0,0.0,3551-GAEGL,0.0006535782
cat__city_Berry Creek,0.0,0.0,3551-GAEGL,0.0006535782
cat__city_Berkeley,0.0,0.0,3551-GAEGL,0.0006535782
cat__city_Benton,0.0,0.0,3551-GAEGL,0.0006535782
cat__city_Benicia,0.0,0.0,3551-GAEGL,0.0006535782
cat__city_Boron,0.0,0.0,3551-GAEGL,0.0006535782
cat__city_Boonville,0.0,0.0,3551-GAEGL,0.0006535782
cat__city_Bonsall,0.0,0.0,3551-GAEGL,0.0006535782
cat__city_Bonita,0.0,0.0,3551-GAEGL,0.0006535782
cat__city_Bolinas,0.0,0.0,3551-GAEGL,0.0006535782
cat__city_Bodfish,0.0,0.0,3551-GAEGL,0.0006535782
cat__city_Bodega Bay,0.0,0.0,3551-GAEGL,0.0006535782
cat__city_Bodega,0.0,0.0,3551-GAEGL,0.0006535782
cat__city_Blythe,0.0,0.0,3551-GAEGL,0.0006535782
cat__city_Blue Lake,0.0,0.0,3551-GAEGL,0.0006535782
cat__city_Bloomington,0.0,0.0,3551-GAEGL,0.0006535782
cat__city_Blocksburg,0.0,0.0,3551-GAEGL,0.0006535782
cat__city_Blairsden Graeagle,0.0,0.0,3551-GAEGL,0.0006535782
cat__city_Bishop,0.0,0.0,3551-GAEGL,0.0006535782
cat__city_Birds Landing,0.0,0.0,3551-GAEGL,0.0006535782
cat__city_Biola,0.0,0.0,3551-GAEGL,0.0006535782
cat__city_Buellton,0.0,0.0,3551-GAEGL,0.0006535782
cat__city_Brownsville,0.0,0.0,3551-GAEGL,0.0006535782
cat__city_Browns Valley,0.0,0.0,3551-GAEGL,0.0006535782
cat__city_Brooks,0.0,0.0,3551-GAEGL,0.0006535782
cat__city_Brookdale,0.0,0.0,3551-GAEGL,0.0006535782
cat__city_Brisbane,0.0,0.0,3551-GAEGL,0.0006535782
cat__city_Bridgeville,0.0,0.0,3551-GAEGL,0.0006535782
cat__city_Bridgeport,0.0,0.0,3551-GAEGL,0.0006535782
cat__city_Brentwood,0.0,0.0,3551-GAEGL,0.0006535782
cat__city_Brea,0.0,0.0,3551-GAEGL,0.0006535782
cat__city_Brawley,0.0,0.0,3551-GAEGL,0.0006535782
cat__city_Branscomb,0.0,0.0,3551-GAEGL,0.0006535782
cat__city_Bradley,0.0,0.0,3551-GAEGL,0.0006535782
cat__city_Boulevard,0.0,0.0,3551-GAEGL,0.0006535782
cat__city_Boulder Creek,0.0,0.0,3551-GAEGL,0.0006535782
cat__city_Borrego Springs,0.0,0.0,3551-GAEGL,0.0006535782
cat__city_Calimesa,0.0,0.0,3551-GAEGL,0.0006535782
cat__city_California Hot Springs,0.0,0.0,3551-GAEGL,0.0006535782
cat__city_California City,0.0,0.0,3551-GAEGL,0.0006535782
cat__city_Caliente,0.0,0.0,3551-GAEGL,0.0006535782
cat__city_Calexico,0.0,0.0,3551-GAEGL,0.0006535782
cat__city_Calabasas,0.0,0.0,3551-GAEGL,0.0006535782
cat__city_Cabazon,0.0,0.0,3551-GAEGL,0.0006535782
cat__city_Byron,0.0,0.0,3551-GAEGL,0.0006535782
cat__city_Buttonwillow,0.0,0.0,3551-GAEGL,0.0006535782
cat__city_Butte City,0.0,0.0,3551-GAEGL,0.0006535782
cat__city_Burson,0.0,0.0,3551-GAEGL,0.0006535782
cat__city_Burnt Ranch,0.0,0.0,3551-GAEGL,0.0006535782
cat__city_Burney,0.0,0.0,3551-GAEGL,0.0006535782
cat__city_Burlingame,0.0,0.0,3551-GAEGL,0.0006535782
cat__city_Burbank,0.0,0.0,3551-GAEGL,0.0006535782
cat__city_Buena Park,0.0,0.0,3551-GAEGL,0.0006535782
cat__city_Canyon Country,0.0,0.0,3551-GAEGL,0.0006535782
cat__city_Cantua Creek,0.0,0.0,3551-GAEGL,0.0006535782
cat__city_Canoga Park,0.0,0.0,3551-GAEGL,0.0006535782
cat__city_Canby,0.0,0.0,3551-GAEGL,0.0006535782
cat__city_Camptonville,0.0,0.0,3551-GAEGL,0.0006535782
cat__city_Campo Seco,0.0,0.0,3551-GAEGL,0.0006535782
cat__city_Campo,0.0,0.0,3551-GAEGL,0.0006535782
cat__city_Campbell,0.0,0.0,3551-GAEGL,0.0006535782
cat__city_Camp Nelson,0.0,0.0,3551-GAEGL,0.0006535782
cat__city_Camino,0.0,0.0,3551-GAEGL,0.0006535782
cat__city_Cambria,0.0,0.0,3551-GAEGL,0.0006535782
cat__city_Camarillo,0.0,0.0,3551-GAEGL,0.0006535782
cat__city_Calpine,0.0,0.0,3551-GAEGL,0.0006535782
cat__city_Callahan,0.0,0.0,3551-GAEGL,0.0006535782
cat__city_Calistoga,0.0,0.0,3551-GAEGL,0.0006535782
cat__city_Calipatria,0.0,0.0,3551-GAEGL,0.0006535782
cat__city_Casmalia,0.0,0.0,3551-GAEGL,0.0006535782
cat__city_Caruthers,0.0,0.0,3551-GAEGL,0.0006535782
cat__city_Carson,0.0,0.0,3551-GAEGL,0.0006535782
cat__city_Carpinteria,0.0,0.0,3551-GAEGL,0.0006535782
cat__city_Carnelian Bay,0.0,0.0,3551-GAEGL,0.0006535782
cat__city_Carmichael,0.0,0.0,3551-GAEGL,0.0006535782
cat__city_Carmel Valley,0.0,0.0,3551-GAEGL,0.0006535782
cat__city_Carmel By The Sea,0.0,0.0,3551-GAEGL,0.0006535782
cat__city_Carmel,0.0,0.0,3551-GAEGL,0.0006535782
cat__city_Carlsbad,0.0,0.0,3551-GAEGL,0.0006535782
cat__city_Carlotta,0.0,0.0,3551-GAEGL,0.0006535782
cat__city_Cardiff By The Sea,0.0,0.0,3551-GAEGL,0.0006535782
cat__city_Capitola,0.0,0.0,3551-GAEGL,0.0006535782
cat__city_Capistrano Beach,0.0,0.0,3551-GAEGL,0.0006535782
cat__city_Capay,0.0,0.0,3551-GAEGL,0.0006535782
cat__city_Canyon Dam,0.0,0.0,3551-GAEGL,0.0006535782
cat__city_Chatsworth,0.0,0.0,3551-GAEGL,0.0006535782
cat__city_Challenge,0.0,0.0,3551-GAEGL,0.0006535782
cat__city_Cerritos,0.0,0.0,3551-GAEGL,0.0006535782
cat__city_Ceres,0.0,0.0,3551-GAEGL,0.0006535782
cat__city_Cedarville,0.0,0.0,3551-GAEGL,0.0006535782
cat__city_Cedar Glen,0.0,0.0,3551-GAEGL,0.0006535782
cat__city_Cazadero,0.0,0.0,3551-GAEGL,0.0006535782
cat__city_Cayucos,0.0,0.0,3551-GAEGL,0.0006535782
cat__city_Catheys Valley,0.0,0.0,3551-GAEGL,0.0006535782
cat__city_Cathedral City,0.0,0.0,3551-GAEGL,0.0006535782
cat__city_Castroville,0.0,0.0,3551-GAEGL,0.0006535782
cat__city_Castro Valley,0.0,0.0,3551-GAEGL,0.0006535782
cat__city_Castella,0.0,0.0,3551-GAEGL,0.0006535782
cat__city_Castaic,0.0,0.0,3551-GAEGL,0.0006535782
cat__city_Cassel,0.0,0.0,3551-GAEGL,0.0006535782
cat__city_Caspar,0.0,0.0,3551-GAEGL,0.0006535782
cat__city_Clio,0.0,0.0,3551-GAEGL,0.0006535782
cat__city_Clements,0.0,0.0,3551-GAEGL,0.0006535782
cat__city_Clearlake Oaks,0.0,0.0,3551-GAEGL,0.0006535782
cat__city_Clearlake,0.0,0.0,3551-GAEGL,0.0006535782
cat__city_Clayton,0.0,0.0,3551-GAEGL,0.0006535782
cat__city_Clarksburg,0.0,0.0,3551-GAEGL,0.0006535782
cat__city_Claremont,0.0,0.0,3551-GAEGL,0.0006535782
cat__city_Citrus Heights,0.0,0.0,3551-GAEGL,0.0006535782
cat__city_Chula Vista,0.0,0.0,3551-GAEGL,0.0006535782
cat__city_Chualar,0.0,0.0,3551-GAEGL,0.0006535782
cat__city_Chowchilla,0.0,0.0,3551-GAEGL,0.0006535782
cat__city_Chino Hills,0.0,0.0,3551-GAEGL,0.0006535782
cat__city_Chino,0.0,0.0,3551-GAEGL,0.0006535782
cat__city_Chilcoot,0.0,0.0,3551-GAEGL,0.0006535782
cat__city_Chico,0.0,0.0,3551-GAEGL,0.0006535782
cat__city_Chester,0.0,0.0,3551-GAEGL,0.0006535782
cat__city_Cool,0.0,0.0,3551-GAEGL,0.0006535782
cat__city_Concord,0.0,0.0,3551-GAEGL,0.0006535782
cat__city_Compton,0.0,0.0,3551-GAEGL,0.0006535782
cat__city_Comptche,0.0,0.0,3551-GAEGL,0.0006535782
cat__city_Colusa,0.0,0.0,3551-GAEGL,0.0006535782
cat__city_Columbia,0.0,0.0,3551-GAEGL,0.0006535782
cat__city_Colton,0.0,0.0,3551-GAEGL,0.0006535782
cat__city_Colfax,0.0,0.0,3551-GAEGL,0.0006535782
cat__city_Coleville,0.0,0.0,3551-GAEGL,0.0006535782
cat__city_Cobb,0.0,0.0,3551-GAEGL,0.0006535782
cat__city_Coarsegold,0.0,0.0,3551-GAEGL,0.0006535782
cat__city_Coalinga,0.0,0.0,3551-GAEGL,0.0006535782
cat__city_Coachella,0.0,0.0,3551-GAEGL,0.0006535782
cat__city_Clovis,0.0,0.0,3551-GAEGL,0.0006535782
cat__city_Cloverdale,0.0,0.0,3551-GAEGL,0.0006535782
cat__city_Clipper Mills,0.0,0.0,3551-GAEGL,0.0006535782
cat__city_Crescent Mills,0.0,0.0,3551-GAEGL,0.0006535782
cat__city_Crescent City,0.0,0.0,3551-GAEGL,0.0006535782
cat__city_Covina,0.0,0.0,3551-GAEGL,0.0006535782
cat__city_Covelo,0.0,0.0,3551-GAEGL,0.0006535782
cat__city_Courtland,0.0,0.0,3551-GAEGL,0.0006535782
cat__city_Coulterville,0.0,0.0,3551-GAEGL,0.0006535782
cat__city_Cottonwood,0.0,0.0,3551-GAEGL,0.0006535782
cat__city_Cotati,0.0,0.0,3551-GAEGL,0.0006535782
cat__city_Costa Mesa,0.0,0.0,3551-GAEGL,0.0006535782
cat__city_Corte Madera,0.0,0.0,3551-GAEGL,0.0006535782
cat__city_Coronado,0.0,0.0,3551-GAEGL,0.0006535782
cat__city_Corona Del Mar,0.0,0.0,3551-GAEGL,0.0006535782
cat__city_Corona,0.0,0.0,3551-GAEGL,0.0006535782
cat__city_Corning,0.0,0.0,3551-GAEGL,0.0006535782
cat__city_Corcoran,0.0,0.0,3551-GAEGL,0.0006535782
cat__city_Copperopolis,0.0,0.0,3551-GAEGL,0.0006535782
cat__city_Davis,0.0,0.0,3551-GAEGL,0.0006535782
cat__city_Davenport,0.0,0.0,3551-GAEGL,0.0006535782
cat__city_Darwin,0.0,0.0,3551-GAEGL,0.0006535782
cat__city_Danville,0.0,0.0,3551-GAEGL,0.0006535782
cat__city_Dana Point,0.0,0.0,3551-GAEGL,0.0006535782
cat__city_Daly City,0.0,0.0,3551-GAEGL,0.0006535782
cat__city_Daggett,0.0,0.0,3551-GAEGL,0.0006535782
cat__city_Cypress,0.0,0.0,3551-GAEGL,0.0006535782
cat__city_Cutler,0.0,0.0,3551-GAEGL,0.0006535782
cat__city_Cupertino,0.0,0.0,3551-GAEGL,0.0006535782
cat__city_Culver City,0.0,0.0,3551-GAEGL,0.0006535782
cat__city_Crows Landing,0.0,0.0,3551-GAEGL,0.0006535782
cat__city_Crockett,0.0,0.0,3551-GAEGL,0.0006535782
cat__city_Creston,0.0,0.0,3551-GAEGL,0.0006535782
cat__city_Crestline,0.0,0.0,3551-GAEGL,0.0006535782
cat__city_Cressey,0.0,0.0,3551-GAEGL,0.0006535782
cat__city_Dixon,0.0,0.0,3551-GAEGL,0.0006535782
cat__city_Dinuba,0.0,0.0,3551-GAEGL,0.0006535782
cat__city_Dillon Beach,0.0,0.0,3551-GAEGL,0.0006535782
cat__city_Diamond Springs,0.0,0.0,3551-GAEGL,0.0006535782
cat__city_Diamond Bar,0.0,0.0,3551-GAEGL,0.0006535782
cat__city_Desert Hot Springs,0.0,0.0,3551-GAEGL,0.0006535782
cat__city_Desert Center,0.0,0.0,3551-GAEGL,0.0006535782
cat__city_Descanso,0.0,0.0,3551-GAEGL,0.0006535782
cat__city_Denair,0.0,0.0,3551-GAEGL,0.0006535782
cat__city_Delhi,0.0,0.0,3551-GAEGL,0.0006535782
cat__city_Delano,0.0,0.0,3551-GAEGL,0.0006535782
cat__city_Del Rey,0.0,0.0,3551-GAEGL,0.0006535782
cat__city_Del Mar,0.0,0.0,3551-GAEGL,0.0006535782
cat__city_Deer Park,0.0,0.0,3551-GAEGL,0.0006535782
cat__city_Death Valley,0.0,0.0,3551-GAEGL,0.0006535782
cat__city_Davis Creek,0.0,0.0,3551-GAEGL,0.0006535782
cat__city_Dunsmuir,0.0,0.0,3551-GAEGL,0.0006535782
cat__city_Dunnigan,0.0,0.0,3551-GAEGL,0.0006535782
cat__city_Dunlap,0.0,0.0,3551-GAEGL,0.0006535782
cat__city_Duncans Mills,0.0,0.0,3551-GAEGL,0.0006535782
cat__city_Dulzura,0.0,0.0,3551-GAEGL,0.0006535782
cat__city_Ducor,0.0,0.0,3551-GAEGL,0.0006535782
cat__city_Dublin,0.0,0.0,3551-GAEGL,0.0006535782
cat__city_Duarte,0.0,0.0,3551-GAEGL,0.0006535782
cat__city_Doyle,0.0,0.0,3551-GAEGL,0.0006535782
cat__city_Downieville,0.0,0.0,3551-GAEGL,0.0006535782
cat__city_Downey,0.0,0.0,3551-GAEGL,0.0006535782
cat__city_Douglas City,0.0,0.0,3551-GAEGL,0.0006535782
cat__city_Dos Rios,0.0,0.0,3551-GAEGL,0.0006535782
cat__city_Dos Palos,0.0,0.0,3551-GAEGL,0.0006535782
cat__city_Dorris,0.0,0.0,3551-GAEGL,0.0006535782
cat__city_Dobbins,0.0,0.0,3551-GAEGL,0.0006535782
cat__city_El Segundo,0.0,0.0,3551-GAEGL,0.0006535782
cat__city_El Portal,0.0,0.0,3551-GAEGL,0.0006535782
cat__city_El Nido,0.0,0.0,3551-GAEGL,0.0006535782
cat__city_El Monte,0.0,0.0,3551-GAEGL,0.0006535782
cat__city_El Dorado Hills,0.0,0.0,3551-GAEGL,0.0006535782
cat__city_El Dorado,0.0,0.0,3551-GAEGL,0.0006535782
cat__city_El Cerrito,0.0,0.0,3551-GAEGL,0.0006535782
cat__city_El Centro,0.0,0.0,3551-GAEGL,0.0006535782
cat__city_El Cajon,0.0,0.0,3551-GAEGL,0.0006535782
cat__city_Edwards,0.0,0.0,3551-GAEGL,0.0006535782
cat__city_Echo Lake,0.0,0.0,3551-GAEGL,0.0006535782
cat__city_Earp,0.0,0.0,3551-GAEGL,0.0006535782
cat__city_Earlimart,0.0,0.0,3551-GAEGL,0.0006535782
cat__city_Eagleville,0.0,0.0,3551-GAEGL,0.0006535782
cat__city_Dutch Flat,0.0,0.0,3551-GAEGL,0.0006535782
cat__city_Durham,0.0,0.0,3551-GAEGL,0.0006535782
cat__city_Etna,0.0,0.0,3551-GAEGL,0.0006535782
cat__city_Essex,0.0,0.0,3551-GAEGL,0.0006535782
cat__city_Esparto,0.0,0.0,3551-GAEGL,0.0006535782
cat__city_Escondido,0.0,0.0,3551-GAEGL,0.0006535782
cat__city_Escalon,0.0,0.0,3551-GAEGL,0.0006535782
cat__city_Encino,0.0,0.0,3551-GAEGL,0.0006535782
cat__city_Encinitas,0.0,0.0,3551-GAEGL,0.0006535782
cat__city_Emigrant Gap,0.0,0.0,3551-GAEGL,0.0006535782
cat__city_Emeryville,0.0,0.0,3551-GAEGL,0.0006535782
cat__city_Elverta,0.0,0.0,3551-GAEGL,0.0006535782
cat__city_Elmira,0.0,0.0,3551-GAEGL,0.0006535782
cat__city_Elk Grove,0.0,0.0,3551-GAEGL,0.0006535782
cat__city_Elk Creek,0.0,0.0,3551-GAEGL,0.0006535782
cat__city_Elk,0.0,0.0,3551-GAEGL,0.0006535782
cat__city_Eldridge,0.0,0.0,3551-GAEGL,0.0006535782
cat__city_El Sobrante,0.0,0.0,3551-GAEGL,0.0006535782
cat__city_Fillmore,0.0,0.0,3551-GAEGL,0.0006535782
cat__city_Fields Landing,0.0,0.0,3551-GAEGL,0.0006535782
cat__city_Fiddletown,0.0,0.0,3551-GAEGL,0.0006535782
cat__city_Ferndale,0.0,0.0,3551-GAEGL,0.0006535782
cat__city_Felton,0.0,0.0,3551-GAEGL,0.0006535782
cat__city_Fellows,0.0,0.0,3551-GAEGL,0.0006535782
cat__city_Fawnskin,0.0,0.0,3551-GAEGL,0.0006535782
cat__city_Farmington,0.0,0.0,3551-GAEGL,0.0006535782
cat__city_Farmersville,0.0,0.0,3551-GAEGL,0.0006535782
cat__city_Fallbrook,0.0,0.0,3551-GAEGL,0.0006535782
cat__city_Fall River Mills,0.0,0.0,3551-GAEGL,0.0006535782
cat__city_Fairfield,0.0,0.0,3551-GAEGL,0.0006535782
cat__city_Fairfax,0.0,0.0,3551-GAEGL,0.0006535782
cat__city_Fair Oaks,0.0,0.0,3551-GAEGL,0.0006535782
cat__city_Exeter,0.0,0.0,3551-GAEGL,0.0006535782
cat__city_Eureka,0.0,0.0,3551-GAEGL,0.0006535782
cat__city_Fort Bragg,0.0,0.0,3551-GAEGL,0.0006535782
cat__city_Fort Bidwell,0.0,0.0,3551-GAEGL,0.0006535782
cat__city_Forks Of Salmon,0.0,0.0,3551-GAEGL,0.0006535782
cat__city_Forestville,0.0,0.0,3551-GAEGL,0.0006535782
cat__city_Foresthill,0.0,0.0,3551-GAEGL,0.0006535782
cat__city_Forest Ranch,0.0,0.0,3551-GAEGL,0.0006535782
cat__city_Forest Knolls,0.0,0.0,3551-GAEGL,0.0006535782
cat__city_Forest Falls,0.0,0.0,3551-GAEGL,0.0006535782
cat__city_Forbestown,0.0,0.0,3551-GAEGL,0.0006535782
cat__city_Foothill Ranch,0.0,0.0,3551-GAEGL,0.0006535782
cat__city_Fontana,0.0,0.0,3551-GAEGL,0.0006535782
cat__city_Folsom,0.0,0.0,3551-GAEGL,0.0006535782
cat__city_Flournoy,0.0,0.0,3551-GAEGL,0.0006535782
cat__city_Five Points,0.0,0.0,3551-GAEGL,0.0006535782
cat__city_Fish Camp,0.0,0.0,3551-GAEGL,0.0006535782
cat__city_Firebaugh,0.0,0.0,3551-GAEGL,0.0006535782
cat__city_Garberville,0.0,0.0,3551-GAEGL,0.0006535782
cat__city_Galt,0.0,0.0,3551-GAEGL,0.0006535782
cat__city_Fulton,0.0,0.0,3551-GAEGL,0.0006535782
cat__city_Fullerton,0.0,0.0,3551-GAEGL,0.0006535782
cat__city_Friant,0.0,0.0,3551-GAEGL,0.0006535782
cat__city_French Gulch,0.0,0.0,3551-GAEGL,0.0006535782
cat__city_French Camp,0.0,0.0,3551-GAEGL,0.0006535782
cat__city_Fremont,0.0,0.0,3551-GAEGL,0.0006535782
cat__city_Freedom,0.0,0.0,3551-GAEGL,0.0006535782
cat__city_Frazier Park,0.0,0.0,3551-GAEGL,0.0006535782
cat__city_Fowler,0.0,0.0,3551-GAEGL,0.0006535782
cat__city_Fountain Valley,0.0,0.0,3551-GAEGL,0.0006535782
cat__city_Fortuna,0.0,0.0,3551-GAEGL,0.0006535782
cat__city_Fort Jones,0.0,0.0,3551-GAEGL,0.0006535782
cat__city_Fort Irwin,0.0,0.0,3551-GAEGL,0.0006535782
cat__city_Glennville,0.0,0.0,3551-GAEGL,0.0006535782
cat__city_Glenn,0.0,0.0,3551-GAEGL,0.0006535782
cat__city_Glenhaven,0.0,0.0,3551-GAEGL,0.0006535782
cat__city_Glendora,0.0,0.0,3551-GAEGL,0.0006535782
cat__city_Glendale,0.0,0.0,3551-GAEGL,0.0006535782
cat__city_Glencoe,0.0,0.0,3551-GAEGL,0.0006535782
cat__city_Glen Ellen,0.0,0.0,3551-GAEGL,0.0006535782
cat__city_Gilroy,0.0,0.0,3551-GAEGL,0.0006535782
cat__city_Geyserville,0.0,0.0,3551-GAEGL,0.0006535782
cat__city_Gerber,0.0,0.0,3551-GAEGL,0.0006535782
cat__city_Georgetown,0.0,0.0,3551-GAEGL,0.0006535782
cat__city_Gazelle,0.0,0.0,3551-GAEGL,0.0006535782
cat__city_Gasquet,0.0,0.0,3551-GAEGL,0.0006535782
cat__city_Gardena,0.0,0.0,3551-GAEGL,0.0006535782
cat__city_Garden Valley,0.0,0.0,3551-GAEGL,0.0006535782
cat__city_Garden Grove,0.0,0.0,3551-GAEGL,0.0006535782
cat__city_Grenada,0.0,0.0,3551-GAEGL,0.0006535782
cat__city_Greenwood,0.0,0.0,3551-GAEGL,0.0006535782
cat__city_Greenville,0.0,0.0,3551-GAEGL,0.0006535782
cat__city_Greenview,0.0,0.0,3551-GAEGL,0.0006535782
cat__city_Greenfield,0.0,0.0,3551-GAEGL,0.0006535782
cat__city_Greenbrae,0.0,0.0,3551-GAEGL,0.0006535782
cat__city_Green Valley Lake,0.0,0.0,3551-GAEGL,0.0006535782
cat__city_Graton,0.0,0.0,3551-GAEGL,0.0006535782
cat__city_Grass Valley,0.0,0.0,3551-GAEGL,0.0006535782
cat__city_Granite Bay,0.0,0.0,3551-GAEGL,0.0006535782
cat__city_Grand Terrace,0.0,0.0,3551-GAEGL,0.0006535782
cat__city_Granada Hills,0.0,0.0,3551-GAEGL,0.0006535782
cat__city_Goodyears Bar,0.0,0.0,3551-GAEGL,0.0006535782
cat__city_Gonzales,0.0,0.0,3551-GAEGL,0.0006535782
cat__city_Goleta,0.0,0.0,3551-GAEGL,0.0006535782
cat__city_Gold Run,0.0,0.0,3551-GAEGL,0.0006535782
cat__city_Happy Camp,0.0,0.0,3551-GAEGL,0.0006535782
cat__city_Hanford,0.0,0.0,3551-GAEGL,0.0006535782
cat__city_Hamilton City,0.0,0.0,3551-GAEGL,0.0006535782
cat__city_Half Moon Bay,0.0,0.0,3551-GAEGL,0.0006535782
cat__city_Hacienda Heights,0.0,0.0,3551-GAEGL,0.0006535782
cat__city_Gustine,0.0,0.0,3551-GAEGL,0.0006535782
cat__city_Guinda,0.0,0.0,3551-GAEGL,0.0006535782
cat__city_Guerneville,0.0,0.0,3551-GAEGL,0.0006535782
cat__city_Guatay,0.0,0.0,3551-GAEGL,0.0006535782
cat__city_Gualala,0.0,0.0,3551-GAEGL,0.0006535782
cat__city_Guadalupe,0.0,0.0,3551-GAEGL,0.0006535782
cat__city_Grover Beach,0.0,0.0,3551-GAEGL,0.0006535782
cat__city_Groveland,0.0,0.0,3551-GAEGL,0.0006535782
cat__city_Grizzly Flats,0.0,0.0,3551-GAEGL,0.0006535782
cat__city_Grimes,0.0,0.0,3551-GAEGL,0.0006535782
cat__city_Gridley,0.0,0.0,3551-GAEGL,0.0006535782
cat__city_Hermosa Beach,0.0,0.0,3551-GAEGL,0.0006535782
cat__city_Herlong,0.0,0.0,3551-GAEGL,0.0006535782
cat__city_Hercules,0.0,0.0,3551-GAEGL,0.0006535782
cat__city_Herald,0.0,0.0,3551-GAEGL,0.0006535782
cat__city_Hemet,0.0,0.0,3551-GAEGL,0.0006535782
cat__city_Helm,0.0,0.0,3551-GAEGL,0.0006535782
cat__city_Helendale,0.0,0.0,3551-GAEGL,0.0006535782
cat__city_Heber,0.0,0.0,3551-GAEGL,0.0006535782
cat__city_Healdsburg,0.0,0.0,3551-GAEGL,0.0006535782
cat__city_Hayward,0.0,0.0,3551-GAEGL,0.0006535782
cat__city_Hayfork,0.0,0.0,3551-GAEGL,0.0006535782
cat__city_Hawthorne,0.0,0.0,3551-GAEGL,0.0006535782
cat__city_Hawaiian Gardens,0.0,0.0,3551-GAEGL,0.0006535782
cat__city_Hathaway Pines,0.0,0.0,3551-GAEGL,0.0006535782
cat__city_Hat Creek,0.0,0.0,3551-GAEGL,0.0006535782
cat__city_Harbor City,0.0,0.0,3551-GAEGL,0.0006535782
cat__city_Hughson,0.0,0.0,3551-GAEGL,0.0006535782
cat__city_Hornitos,0.0,0.0,3551-GAEGL,0.0006535782
cat__city_Hornbrook,0.0,0.0,3551-GAEGL,0.0006535782
cat__city_Hopland,0.0,0.0,3551-GAEGL,0.0006535782
cat__city_Hoopa,0.0,0.0,3551-GAEGL,0.0006535782
cat__city_Hood,0.0,0.0,3551-GAEGL,0.0006535782
cat__city_Honeydew,0.0,0.0,3551-GAEGL,0.0006535782
cat__city_Homewood,0.0,0.0,3551-GAEGL,0.0006535782
cat__city_Homeland,0.0,0.0,3551-GAEGL,0.0006535782
cat__city_Holtville,0.0,0.0,3551-GAEGL,0.0006535782
cat__city_Hollister,0.0,0.0,3551-GAEGL,0.0006535782
cat__city_Hinkley,0.0,0.0,3551-GAEGL,0.0006535782
cat__city_Hilmar,0.0,0.0,3551-GAEGL,0.0006535782
cat__city_Highland,0.0,0.0,3551-GAEGL,0.0006535782
cat__city_Hickman,0.0,0.0,3551-GAEGL,0.0006535782
cat__city_Hesperia,0.0,0.0,3551-GAEGL,0.0006535782
cat__city_Ione,0.0,0.0,3551-GAEGL,0.0006535782
cat__city_Inyokern,0.0,0.0,3551-GAEGL,0.0006535782
cat__city_Inverness,0.0,0.0,3551-GAEGL,0.0006535782
cat__city_Indio,0.0,0.0,3551-GAEGL,0.0006535782
cat__city_Indian Wells,0.0,0.0,3551-GAEGL,0.0006535782
cat__city_Independence,0.0,0.0,3551-GAEGL,0.0006535782
cat__city_Imperial Beach,0.0,0.0,3551-GAEGL,0.0006535782
cat__city_Imperial,0.0,0.0,3551-GAEGL,0.0006535782
cat__city_Igo,0.0,0.0,3551-GAEGL,0.0006535782
cat__city_Idyllwild,0.0,0.0,3551-GAEGL,0.0006535782
cat__city_Hydesville,0.0,0.0,3551-GAEGL,0.0006535782
cat__city_Hyampom,0.0,0.0,3551-GAEGL,0.0006535782
cat__city_Huron,0.0,0.0,3551-GAEGL,0.0006535782
cat__city_Huntington Park,0.0,0.0,3551-GAEGL,0.0006535782
cat__city_Huntington Beach,0.0,0.0,3551-GAEGL,0.0006535782
cat__city_Hume,0.0,0.0,3551-GAEGL,0.0006535782
cat__city_Keeler,0.0,0.0,3551-GAEGL,0.0006535782
cat__city_June Lake,0.0,0.0,3551-GAEGL,0.0006535782
cat__city_Junction City,0.0,0.0,3551-GAEGL,0.0006535782
cat__city_Julian,0.0,0.0,3551-GAEGL,0.0006535782
cat__city_Joshua Tree,0.0,0.0,3551-GAEGL,0.0006535782
cat__city_Jolon,0.0,0.0,3551-GAEGL,0.0006535782
cat__city_Johannesburg,0.0,0.0,3551-GAEGL,0.0006535782
cat__city_Jenner,0.0,0.0,3551-GAEGL,0.0006535782
cat__city_Janesville,0.0,0.0,3551-GAEGL,0.0006535782
cat__city_Jamul,0.0,0.0,3551-GAEGL,0.0006535782
cat__city_Jamestown,0.0,0.0,3551-GAEGL,0.0006535782
cat__city_Jacumba,0.0,0.0,3551-GAEGL,0.0006535782
cat__city_Jackson,0.0,0.0,3551-GAEGL,0.0006535782
cat__city_Ivanhoe,0.0,0.0,3551-GAEGL,0.0006535782
cat__city_Isleton,0.0,0.0,3551-GAEGL,0.0006535782
cat__city_Irvine,0.0,0.0,3551-GAEGL,0.0006535782
cat__city_Korbel,0.0,0.0,3551-GAEGL,0.0006535782
cat__city_Knights Landing,0.0,0.0,3551-GAEGL,0.0006535782
cat__city_Kneeland,0.0,0.0,3551-GAEGL,0.0006535782
cat__city_Klamath River,0.0,0.0,3551-GAEGL,0.0006535782
cat__city_Klamath,0.0,0.0,3551-GAEGL,0.0006535782
cat__city_Kirkwood,0.0,0.0,3551-GAEGL,0.0006535782
cat__city_Kingsburg,0.0,0.0,3551-GAEGL,0.0006535782
cat__city_Kings Beach,0.0,0.0,3551-GAEGL,0.0006535782
cat__city_King City,0.0,0.0,3551-GAEGL,0.0006535782
cat__city_Keyes,0.0,0.0,3551-GAEGL,0.0006535782
cat__city_Kettleman City,0.0,0.0,3551-GAEGL,0.0006535782
cat__city_Kernville,0.0,0.0,3551-GAEGL,0.0006535782
cat__city_Kerman,0.0,0.0,3551-GAEGL,0.0006535782
cat__city_Kenwood,0.0,0.0,3551-GAEGL,0.0006535782
cat__city_Kelseyville,0.0,0.0,3551-GAEGL,0.0006535782
cat__city_Keene,0.0,0.0,3551-GAEGL,0.0006535782
cat__city_Laguna Beach,0.0,0.0,3551-GAEGL,0.0006535782
cat__city_Lafayette,0.0,0.0,3551-GAEGL,0.0006535782
cat__city_Ladera Ranch,0.0,0.0,3551-GAEGL,0.0006535782
cat__city_La Verne,0.0,0.0,3551-GAEGL,0.0006535782
cat__city_La Quinta,0.0,0.0,3551-GAEGL,0.0006535782
cat__city_La Puente,0.0,0.0,3551-GAEGL,0.0006535782
cat__city_La Palma,0.0,0.0,3551-GAEGL,0.0006535782
cat__city_La Mirada,0.0,0.0,3551-GAEGL,0.0006535782
cat__city_La Mesa,0.0,0.0,3551-GAEGL,0.0006535782
cat__city_La Jolla,0.0,0.0,3551-GAEGL,0.0006535782
cat__city_La Honda,0.0,0.0,3551-GAEGL,0.0006535782
cat__city_La Habra,0.0,0.0,3551-GAEGL,0.0006535782
cat__city_La Grange,0.0,0.0,3551-GAEGL,0.0006535782
cat__city_La Crescenta,0.0,0.0,3551-GAEGL,0.0006535782
cat__city_La Canada Flintridge,0.0,0.0,3551-GAEGL,0.0006535782
cat__city_Kyburz,0.0,0.0,3551-GAEGL,0.0006535782
cat__city_Lancaster,0.0,0.0,3551-GAEGL,0.0006535782
cat__city_Lamont,0.0,0.0,3551-GAEGL,0.0006535782
cat__city_Lakewood,0.0,0.0,3551-GAEGL,0.0006535782
cat__city_Lakeside,0.0,0.0,3551-GAEGL,0.0006535782
cat__city_Lakeshore,0.0,0.0,3551-GAEGL,0.0006535782
cat__city_Lakeport,0.0,0.0,3551-GAEGL,0.0006535782
cat__city_Lakehead,0.0,0.0,3551-GAEGL,0.0006535782
cat__city_Lake Isabella,0.0,0.0,3551-GAEGL,0.0006535782
cat__city_Lake Hughes,0.0,0.0,3551-GAEGL,0.0006535782
cat__city_Lake Forest,0.0,0.0,3551-GAEGL,0.0006535782
cat__city_Lake Elsinore,0.0,0.0,3551-GAEGL,0.0006535782
cat__city_Lake City,0.0,0.0,3551-GAEGL,0.0006535782
cat__city_Lake Arrowhead,0.0,0.0,3551-GAEGL,0.0006535782
cat__city_Lagunitas,0.0,0.0,3551-GAEGL,0.0006535782
cat__city_Laguna Niguel,0.0,0.0,3551-GAEGL,0.0006535782
cat__city_Laguna Hills,0.0,0.0,3551-GAEGL,0.0006535782
cat__city_Lincoln,0.0,0.0,3551-GAEGL,0.0006535782
cat__city_Likely,0.0,0.0,3551-GAEGL,0.0006535782
cat__city_Lewiston,0.0,0.0,3551-GAEGL,0.0006535782
cat__city_Lemoore,0.0,0.0,3551-GAEGL,0.0006535782
cat__city_Lemon Grove,0.0,0.0,3551-GAEGL,0.0006535782
cat__city_Lemon Cove,0.0,0.0,3551-GAEGL,0.0006535782
cat__city_Leggett,0.0,0.0,3551-GAEGL,0.0006535782
cat__city_Lee Vining,0.0,0.0,3551-GAEGL,0.0006535782
cat__city_Lebec,0.0,0.0,3551-GAEGL,0.0006535782
cat__city_Le Grand,0.0,0.0,3551-GAEGL,0.0006535782
cat__city_Laytonville,0.0,0.0,3551-GAEGL,0.0006535782
cat__city_Lawndale,0.0,0.0,3551-GAEGL,0.0006535782
cat__city_Laton,0.0,0.0,3551-GAEGL,0.0006535782
cat__city_Lathrop,0.0,0.0,3551-GAEGL,0.0006535782
cat__city_Larkspur,0.0,0.0,3551-GAEGL,0.0006535782
cat__city_Landers,0.0,0.0,3551-GAEGL,0.0006535782
cat__city_Lomita,0.0,0.0,3551-GAEGL,0.0006535782
cat__city_Loma Mar,0.0,0.0,3551-GAEGL,0.0006535782
cat__city_Loma Linda,0.0,0.0,3551-GAEGL,0.0006535782
cat__city_Loleta,0.0,0.0,3551-GAEGL,0.0006535782
cat__city_Lodi,0.0,0.0,3551-GAEGL,0.0006535782
cat__city_Lockwood,0.0,0.0,3551-GAEGL,0.0006535782
cat__city_Lockeford,0.0,0.0,3551-GAEGL,0.0006535782
cat__city_Llano,0.0,0.0,3551-GAEGL,0.0006535782
cat__city_Livingston,0.0,0.0,3551-GAEGL,0.0006535782
cat__city_Livermore,0.0,0.0,3551-GAEGL,0.0006535782
cat__city_Live Oak,0.0,0.0,3551-GAEGL,0.0006535782
cat__city_Littlerock,0.0,0.0,3551-GAEGL,0.0006535782
cat__city_Little River,0.0,0.0,3551-GAEGL,0.0006535782
cat__city_Litchfield,0.0,0.0,3551-GAEGL,0.0006535782
cat__city_Lindsay,0.0,0.0,3551-GAEGL,0.0006535782
cat__city_Linden,0.0,0.0,3551-GAEGL,0.0006535782
cat__city_Lotus,0.0,0.0,3551-GAEGL,0.0006535782
cat__city_Lost Hills,0.0,0.0,3551-GAEGL,0.0006535782
cat__city_Los Osos,0.0,0.0,3551-GAEGL,0.0006535782
cat__city_Los Olivos,0.0,0.0,3551-GAEGL,0.0006535782
cat__city_Los Molinos,0.0,0.0,3551-GAEGL,0.0006535782
cat__city_Los Gatos,0.0,0.0,3551-GAEGL,0.0006535782
cat__city_Los Banos,0.0,0.0,3551-GAEGL,0.0006535782
cat__city_Los Altos,0.0,0.0,3551-GAEGL,0.0006535782
cat__city_Los Alamos,0.0,0.0,3551-GAEGL,0.0006535782
cat__city_Los Alamitos,0.0,0.0,3551-GAEGL,0.0006535782
cat__city_Loomis,0.0,0.0,3551-GAEGL,0.0006535782
cat__city_Lookout,0.0,0.0,3551-GAEGL,0.0006535782
cat__city_Long Beach,0.0,0.0,3551-GAEGL,0.0006535782
cat__city_Long Barn,0.0,0.0,3551-GAEGL,0.0006535782
cat__city_Lone Pine,0.0,0.0,3551-GAEGL,0.0006535782
cat__city_Lompoc,0.0,0.0,3551-GAEGL,0.0006535782
cat__city_Manchester,0.0,0.0,3551-GAEGL,0.0006535782
cat__city_Mammoth Lakes,0.0,0.0,3551-GAEGL,0.0006535782
cat__city_Malibu,0.0,0.0,3551-GAEGL,0.0006535782
cat__city_Magalia,0.0,0.0,3551-GAEGL,0.0006535782
cat__city_Madison,0.0,0.0,3551-GAEGL,0.0006535782
cat__city_Madera,0.0,0.0,3551-GAEGL,0.0006535782
cat__city_Madeline,0.0,0.0,3551-GAEGL,0.0006535782
cat__city_Mad River,0.0,0.0,3551-GAEGL,0.0006535782
cat__city_Macdoel,0.0,0.0,3551-GAEGL,0.0006535782
cat__city_Lytle Creek,0.0,0.0,3551-GAEGL,0.0006535782
cat__city_Lynwood,0.0,0.0,3551-GAEGL,0.0006535782
cat__city_Ludlow,0.0,0.0,3551-GAEGL,0.0006535782
cat__city_Lucerne Valley,0.0,0.0,3551-GAEGL,0.0006535782
cat__city_Lucerne,0.0,0.0,3551-GAEGL,0.0006535782
cat__city_Loyalton,0.0,0.0,3551-GAEGL,0.0006535782
cat__city_Lower Lake,0.0,0.0,3551-GAEGL,0.0006535782
cat__city_Mc Farland,0.0,0.0,3551-GAEGL,0.0006535782
cat__city_Maywood,0.0,0.0,3551-GAEGL,0.0006535782
cat__city_Maxwell,0.0,0.0,3551-GAEGL,0.0006535782
cat__city_Mather,0.0,0.0,3551-GAEGL,0.0006535782
cat__city_Marysville,0.0,0.0,3551-GAEGL,0.0006535782
cat__city_Martinez,0.0,0.0,3551-GAEGL,0.0006535782
cat__city_Marshall,0.0,0.0,3551-GAEGL,0.0006535782
cat__city_Markleeville,0.0,0.0,3551-GAEGL,0.0006535782
cat__city_Mariposa,0.0,0.0,3551-GAEGL,0.0006535782
cat__city_Marina Del Rey,0.0,0.0,3551-GAEGL,0.0006535782
cat__city_Marina,0.0,0.0,3551-GAEGL,0.0006535782
cat__city_Maricopa,0.0,0.0,3551-GAEGL,0.0006535782
cat__city_March Air Reserve Base,0.0,0.0,3551-GAEGL,0.0006535782
cat__city_Manton,0.0,0.0,3551-GAEGL,0.0006535782
cat__city_Manteca,0.0,0.0,3551-GAEGL,0.0006535782
cat__city_Manhattan Beach,0.0,0.0,3551-GAEGL,0.0006535782
cat__city_Middletown,0.0,0.0,3551-GAEGL,0.0006535782
cat__city_Mi Wuk Village,0.0,0.0,3551-GAEGL,0.0006535782
cat__city_Meridian,0.0,0.0,3551-GAEGL,0.0006535782
cat__city_Merced,0.0,0.0,3551-GAEGL,0.0006535782
cat__city_Mentone,0.0,0.0,3551-GAEGL,0.0006535782
cat__city_Menlo Park,0.0,0.0,3551-GAEGL,0.0006535782
cat__city_Menifee,0.0,0.0,3551-GAEGL,0.0006535782
cat__city_Mendota,0.0,0.0,3551-GAEGL,0.0006535782
cat__city_Mendocino,0.0,0.0,3551-GAEGL,0.0006535782
cat__city_Mecca,0.0,0.0,3551-GAEGL,0.0006535782
cat__city_Meadow Vista,0.0,0.0,3551-GAEGL,0.0006535782
cat__city_Meadow Valley,0.0,0.0,3551-GAEGL,0.0006535782
cat__city_Mckinleyville,0.0,0.0,3551-GAEGL,0.0006535782
cat__city_Mccloud,0.0,0.0,3551-GAEGL,0.0006535782
cat__city_Mcarthur,0.0,0.0,3551-GAEGL,0.0006535782
cat__city_Mc Kittrick,0.0,0.0,3551-GAEGL,0.0006535782
cat__city_Mokelumne Hill,0.0,0.0,3551-GAEGL,0.0006535782
cat__city_Mojave,0.0,0.0,3551-GAEGL,0.0006535782
cat__city_Mission Viejo,0.0,0.0,3551-GAEGL,0.0006535782
cat__city_Mission Hills,0.0,0.0,3551-GAEGL,0.0006535782
cat__city_Miranda,0.0,0.0,3551-GAEGL,0.0006535782
cat__city_Miramonte,0.0,0.0,3551-GAEGL,0.0006535782
cat__city_Mira Loma,0.0,0.0,3551-GAEGL,0.0006535782
cat__city_Mineral,0.0,0.0,3551-GAEGL,0.0006535782
cat__city_Milpitas,0.0,0.0,3551-GAEGL,0.0006535782
cat__city_Millville,0.0,0.0,3551-GAEGL,0.0006535782
cat__city_Millbrae,0.0,0.0,3551-GAEGL,0.0006535782
cat__city_Mill Valley,0.0,0.0,3551-GAEGL,0.0006535782
cat__city_Mill Creek,0.0,0.0,3551-GAEGL,0.0006535782
cat__city_Milford,0.0,0.0,3551-GAEGL,0.0006535782
cat__city_Midway City,0.0,0.0,3551-GAEGL,0.0006535782
cat__city_Midpines,0.0,0.0,3551-GAEGL,0.0006535782
cat__city_Morro Bay,0.0,0.0,3551-GAEGL,0.0006535782
cat__city_Morongo Valley,0.0,0.0,3551-GAEGL,0.0006535782
cat__city_Morgan Hill,0.0,0.0,3551-GAEGL,0.0006535782
cat__city_Moreno Valley,0.0,0.0,3551-GAEGL,0.0006535782
cat__city_Moraga,0.0,0.0,3551-GAEGL,0.0006535782
cat__city_Moorpark,0.0,0.0,3551-GAEGL,0.0006535782
cat__city_Montrose,0.0,0.0,3551-GAEGL,0.0006535782
cat__city_Montgomery Creek,0.0,0.0,3551-GAEGL,0.0006535782
cat__city_Monterey Park,0.0,0.0,3551-GAEGL,0.0006535782
cat__city_Monterey,0.0,0.0,3551-GAEGL,0.0006535782
cat__city_Montebello,0.0,0.0,3551-GAEGL,0.0006535782
cat__city_Monte Rio,0.0,0.0,3551-GAEGL,0.0006535782
cat__city_Montclair,0.0,0.0,3551-GAEGL,0.0006535782
cat__city_Montara,0.0,0.0,3551-GAEGL,0.0006535782
cat__city_Montague,0.0,0.0,3551-GAEGL,0.0006535782
cat__city_Monrovia,0.0,0.0,3551-GAEGL,0.0006535782
cat__city_Navarro,0.0,0.0,3551-GAEGL,0.0006535782
cat__city_National City,0.0,0.0,3551-GAEGL,0.0006535782
cat__city_Napa,0.0,0.0,3551-GAEGL,0.0006535782
cat__city_Myers Flat,0.0,0.0,3551-GAEGL,0.0006535782
cat__city_Murrieta,0.0,0.0,3551-GAEGL,0.0006535782
cat__city_Murphys,0.0,0.0,3551-GAEGL,0.0006535782
cat__city_Mt Baldy,0.0,0.0,3551-GAEGL,0.0006535782
cat__city_Mountain View,0.0,0.0,3551-GAEGL,0.0006535782
cat__city_Mountain Ranch,0.0,0.0,3551-GAEGL,0.0006535782
cat__city_Mountain Center,0.0,0.0,3551-GAEGL,0.0006535782
cat__city_Mount Shasta,0.0,0.0,3551-GAEGL,0.0006535782
cat__city_Mount Laguna,0.0,0.0,3551-GAEGL,0.0006535782
cat__city_Mount Hermon,0.0,0.0,3551-GAEGL,0.0006535782
cat__city_Mount Hamilton,0.0,0.0,3551-GAEGL,0.0006535782
cat__city_Moss Landing,0.0,0.0,3551-GAEGL,0.0006535782
cat__city_Moss Beach,0.0,0.0,3551-GAEGL,0.0006535782
cat__city_Nipomo,0.0,0.0,3551-GAEGL,0.0006535782
cat__city_Niland,0.0,0.0,3551-GAEGL,0.0006535782
cat__city_Nicolaus,0.0,0.0,3551-GAEGL,0.0006535782
cat__city_Nice,0.0,0.0,3551-GAEGL,0.0006535782
cat__city_Nicasio,0.0,0.0,3551-GAEGL,0.0006535782
cat__city_Newport Coast,0.0,0.0,3551-GAEGL,0.0006535782
cat__city_Newport Beach,0.0,0.0,3551-GAEGL,0.0006535782
cat__city_Newman,0.0,0.0,3551-GAEGL,0.0006535782
cat__city_Newhall,0.0,0.0,3551-GAEGL,0.0006535782
cat__city_Newcastle,0.0,0.0,3551-GAEGL,0.0006535782
cat__city_Newbury Park,0.0,0.0,3551-GAEGL,0.0006535782
cat__city_Newberry Springs,0.0,0.0,3551-GAEGL,0.0006535782
cat__city_Newark,0.0,0.0,3551-GAEGL,0.0006535782
cat__city_New Cuyama,0.0,0.0,3551-GAEGL,0.0006535782
cat__city_Nevada City,0.0,0.0,3551-GAEGL,0.0006535782
cat__city_Needles,0.0,0.0,3551-GAEGL,0.0006535782
cat__city_Oak Run,0.0,0.0,3551-GAEGL,0.0006535782
cat__city_Oak Park,0.0,0.0,3551-GAEGL,0.0006535782
cat__city_O Neals,0.0,0.0,3551-GAEGL,0.0006535782
cat__city_Nuevo,0.0,0.0,3551-GAEGL,0.0006535782
cat__city_Nubieber,0.0,0.0,3551-GAEGL,0.0006535782
cat__city_Novato,0.0,0.0,3551-GAEGL,0.0006535782
cat__city_Norwalk,0.0,0.0,3551-GAEGL,0.0006535782
cat__city_Northridge,0.0,0.0,3551-GAEGL,0.0006535782
cat__city_North San Juan,0.0,0.0,3551-GAEGL,0.0006535782
cat__city_North Palm Springs,0.0,0.0,3551-GAEGL,0.0006535782
cat__city_North Hollywood,0.0,0.0,3551-GAEGL,0.0006535782
cat__city_North Hills,0.0,0.0,3551-GAEGL,0.0006535782
cat__city_North Highlands,0.0,0.0,3551-GAEGL,0.0006535782
cat__city_North Fork,0.0,0.0,3551-GAEGL,0.0006535782
cat__city_Norco,0.0,0.0,3551-GAEGL,0.0006535782
cat__city_Nipton,0.0,0.0,3551-GAEGL,0.0006535782
cat__city_Ontario,0.0,0.0,3551-GAEGL,0.0006535782
cat__city_Olympic Valley,0.0,0.0,3551-GAEGL,0.0006535782
cat__city_Olivehurst,0.0,0.0,3551-GAEGL,0.0006535782
cat__city_Olema,0.0,0.0,3551-GAEGL,0.0006535782
cat__city_Old Station,0.0,0.0,3551-GAEGL,0.0006535782
cat__city_Olancha,0.0,0.0,3551-GAEGL,0.0006535782
cat__city_Ojai,0.0,0.0,3551-GAEGL,0.0006535782
cat__city_Ocotillo,0.0,0.0,3551-GAEGL,0.0006535782
cat__city_Oceanside,0.0,0.0,3551-GAEGL,0.0006535782
cat__city_Oceano,0.0,0.0,3551-GAEGL,0.0006535782
cat__city_Occidental,0.0,0.0,3551-GAEGL,0.0006535782
cat__city_Oakley,0.0,0.0,3551-GAEGL,0.0006535782
cat__city_Adin,0.0,0.0,3551-GAEGL,0.0006535782
cat__city_Oakhurst,0.0,0.0,3551-GAEGL,0.0006535782
cat__city_Oakdale,0.0,0.0,3551-GAEGL,0.0006535782
cat__city_Oak View,0.0,0.0,3551-GAEGL,0.0006535782
cat__city_Pacifica,0.0,0.0,3551-GAEGL,0.0006535782
cat__city_Pacific Palisades,0.0,0.0,3551-GAEGL,0.0006535782
cat__city_Pacific Grove,0.0,0.0,3551-GAEGL,0.0006535782
cat__city_Oxnard,0.0,0.0,3551-GAEGL,0.0006535782
cat__city_Oroville,0.0,0.0,3551-GAEGL,0.0006535782
cat__city_Orosi,0.0,0.0,3551-GAEGL,0.0006535782
cat__city_Oro Grande,0.0,0.0,3551-GAEGL,0.0006535782
cat__city_Orleans,0.0,0.0,3551-GAEGL,0.0006535782
cat__city_Orland,0.0,0.0,3551-GAEGL,0.0006535782
cat__city_Orinda,0.0,0.0,3551-GAEGL,0.0006535782
cat__city_Orick,0.0,0.0,3551-GAEGL,0.0006535782
cat__city_Oregon House,0.0,0.0,3551-GAEGL,0.0006535782
cat__city_Orangevale,0.0,0.0,3551-GAEGL,0.0006535782
cat__city_Orange Cove,0.0,0.0,3551-GAEGL,0.0006535782
cat__city_Orange,0.0,0.0,3551-GAEGL,0.0006535782
cat__city_Onyx,0.0,0.0,3551-GAEGL,0.0006535782
cat__city_Parker Dam,0.0,0.0,3551-GAEGL,0.0006535782
cat__city_Paramount,0.0,0.0,3551-GAEGL,0.0006535782
cat__city_Paradise,0.0,0.0,3551-GAEGL,0.0006535782
cat__city_Panorama City,0.0,0.0,3551-GAEGL,0.0006535782
cat__city_Palos Verdes Peninsula,0.0,0.0,3551-GAEGL,0.0006535782
cat__city_Palomar Mountain,0.0,0.0,3551-GAEGL,0.0006535782
cat__city_Palo Verde,0.0,0.0,3551-GAEGL,0.0006535782
cat__city_Palo Cedro,0.0,0.0,3551-GAEGL,0.0006535782
cat__city_Palo Alto,0.0,0.0,3551-GAEGL,0.0006535782
cat__city_Palmdale,0.0,0.0,3551-GAEGL,0.0006535782
cat__city_Palm Springs,0.0,0.0,3551-GAEGL,0.0006535782
cat__city_Palm Desert,0.0,0.0,3551-GAEGL,0.0006535782
cat__city_Palermo,0.0,0.0,3551-GAEGL,0.0006535782
cat__city_Pala,0.0,0.0,3551-GAEGL,0.0006535782
cat__city_Paicines,0.0,0.0,3551-GAEGL,0.0006535782
cat__city_Pacoima,0.0,0.0,3551-GAEGL,0.0006535782
cat__city_Phelan,0.0,0.0,3551-GAEGL,0.0006535782
cat__city_Petrolia,0.0,0.0,3551-GAEGL,0.0006535782
cat__city_Petaluma,0.0,0.0,3551-GAEGL,0.0006535782
cat__city_Pescadero,0.0,0.0,3551-GAEGL,0.0006535782
cat__city_Perris,0.0,0.0,3551-GAEGL,0.0006535782
cat__city_Penryn,0.0,0.0,3551-GAEGL,0.0006535782
cat__city_Penngrove,0.0,0.0,3551-GAEGL,0.0006535782
cat__city_Penn Valley,0.0,0.0,3551-GAEGL,0.0006535782
cat__city_Pebble Beach,0.0,0.0,3551-GAEGL,0.0006535782
cat__city_Pearblossom,0.0,0.0,3551-GAEGL,0.0006535782
cat__city_Paynes Creek,0.0,0.0,3551-GAEGL,0.0006535782
cat__city_Pauma Valley,0.0,0.0,3551-GAEGL,0.0006535782
cat__city_Patterson,0.0,0.0,3551-GAEGL,0.0006535782
cat__city_Paso Robles,0.0,0.0,3551-GAEGL,0.0006535782
cat__city_Paskenta,0.0,0.0,3551-GAEGL,0.0006535782
cat__city_Parlier,0.0,0.0,3551-GAEGL,0.0006535782
cat__city_Pixley,0.0,0.0,3551-GAEGL,0.0006535782
cat__city_Pittsburg,0.0,0.0,3551-GAEGL,0.0006535782
cat__city_Pismo Beach,0.0,0.0,3551-GAEGL,0.0006535782
cat__city_Piru,0.0,0.0,3551-GAEGL,0.0006535782
cat__city_Pioneertown,0.0,0.0,3551-GAEGL,0.0006535782
cat__city_Pioneer,0.0,0.0,3551-GAEGL,0.0006535782
cat__city_Pinon Hills,0.0,0.0,3551-GAEGL,0.0006535782
cat__city_Pinole,0.0,0.0,3551-GAEGL,0.0006535782
cat__city_Pinecrest,0.0,0.0,3551-GAEGL,0.0006535782
cat__city_Pine Valley,0.0,0.0,3551-GAEGL,0.0006535782
cat__city_Pine Grove,0.0,0.0,3551-GAEGL,0.0006535782
cat__city_Pilot Hill,0.0,0.0,3551-GAEGL,0.0006535782
cat__city_Piercy,0.0,0.0,3551-GAEGL,0.0006535782
cat__city_Pico Rivera,0.0,0.0,3551-GAEGL,0.0006535782
cat__city_Philo,0.0,0.0,3551-GAEGL,0.0006535782
cat__city_Phillipsville,0.0,0.0,3551-GAEGL,0.0006535782
cat__city_Port Hueneme,0.0,0.0,3551-GAEGL,0.0006535782
cat__city_Port Costa,0.0,0.0,3551-GAEGL,0.0006535782
cat__city_Pope Valley,0.0,0.0,3551-GAEGL,0.0006535782
cat__city_Pomona,0.0,0.0,3551-GAEGL,0.0006535782
cat__city_Pollock Pines,0.0,0.0,3551-GAEGL,0.0006535782
cat__city_Point Reyes Station,0.0,0.0,3551-GAEGL,0.0006535782
cat__city_Point Arena,0.0,0.0,3551-GAEGL,0.0006535782
cat__city_Plymouth,0.0,0.0,3551-GAEGL,0.0006535782
cat__city_Pleasanton,0.0,0.0,3551-GAEGL,0.0006535782
cat__city_Pleasant Hill,0.0,0.0,3551-GAEGL,0.0006535782
cat__city_Pleasant Grove,0.0,0.0,3551-GAEGL,0.0006535782
cat__city_Playa Del Rey,0.0,0.0,3551-GAEGL,0.0006535782
cat__city_Platina,0.0,0.0,3551-GAEGL,0.0006535782
cat__city_Planada,0.0,0.0,3551-GAEGL,0.0006535782
cat__city_Placerville,0.0,0.0,3551-GAEGL,0.0006535782
cat__city_Placentia,0.0,0.0,3551-GAEGL,0.0006535782
cat__city_Rancho Cucamonga,0.0,0.0,3551-GAEGL,0.0006535782
cat__city_Rancho Cordova,0.0,0.0,3551-GAEGL,0.0006535782
cat__city_Ranchita,0.0,0.0,3551-GAEGL,0.0006535782
cat__city_Ramona,0.0,0.0,3551-GAEGL,0.0006535782
cat__city_Raisin City,0.0,0.0,3551-GAEGL,0.0006535782
cat__city_Quincy,0.0,0.0,3551-GAEGL,0.0006535782
cat__city_Princeton,0.0,0.0,3551-GAEGL,0.0006535782
cat__city_Prather,0.0,0.0,3551-GAEGL,0.0006535782
cat__city_Poway,0.0,0.0,3551-GAEGL,0.0006535782
cat__city_Potter Valley,0.0,0.0,3551-GAEGL,0.0006535782
cat__city_Potrero,0.0,0.0,3551-GAEGL,0.0006535782
cat__city_Posey,0.0,0.0,3551-GAEGL,0.0006535782
cat__city_Portola Valley,0.0,0.0,3551-GAEGL,0.0006535782
cat__city_Portola,0.0,0.0,3551-GAEGL,0.0006535782
cat__city_Porterville,0.0,0.0,3551-GAEGL,0.0006535782
cat__city_Porter Ranch,0.0,0.0,3551-GAEGL,0.0006535782
cat__city_Reedley,0.0,0.0,3551-GAEGL,0.0006535782
cat__city_Redwood Valley,0.0,0.0,3551-GAEGL,0.0006535782
cat__city_Redwood City,0.0,0.0,3551-GAEGL,0.0006535782
cat__city_Redway,0.0,0.0,3551-GAEGL,0.0006535782
cat__city_Redondo Beach,0.0,0.0,3551-GAEGL,0.0006535782
cat__city_Redlands,0.0,0.0,3551-GAEGL,0.0006535782
cat__city_Redding,0.0,0.0,3551-GAEGL,0.0006535782
cat__city_Redcrest,0.0,0.0,3551-GAEGL,0.0006535782
cat__city_Red Bluff,0.0,0.0,3551-GAEGL,0.0006535782
cat__city_Raymond,0.0,0.0,3551-GAEGL,0.0006535782
cat__city_Ravendale,0.0,0.0,3551-GAEGL,0.0006535782
cat__city_Randsburg,0.0,0.0,3551-GAEGL,0.0006535782
cat__city_Rancho Santa Margarita,0.0,0.0,3551-GAEGL,0.0006535782
cat__city_Rancho Santa Fe,0.0,0.0,3551-GAEGL,0.0006535782
cat__city_Rancho Palos Verdes,0.0,0.0,3551-GAEGL,0.0006535782
cat__city_Rancho Mirage,0.0,0.0,3551-GAEGL,0.0006535782
cat__city_Riverdale,0.0,0.0,3551-GAEGL,0.0006535782
cat__city_Riverbank,0.0,0.0,3551-GAEGL,0.0006535782
cat__city_River Pines,0.0,0.0,3551-GAEGL,0.0006535782
cat__city_Ripon,0.0,0.0,3551-GAEGL,0.0006535782
cat__city_Rio Vista,0.0,0.0,3551-GAEGL,0.0006535782
cat__city_Rio Oso,0.0,0.0,3551-GAEGL,0.0006535782
cat__city_Rio Nido,0.0,0.0,3551-GAEGL,0.0006535782
cat__city_Rio Linda,0.0,0.0,3551-GAEGL,0.0006535782
cat__city_Rio Dell,0.0,0.0,3551-GAEGL,0.0006535782
cat__city_Ridgecrest,0.0,0.0,3551-GAEGL,0.0006535782
cat__city_Richvale,0.0,0.0,3551-GAEGL,0.0006535782
cat__city_Richmond,0.0,0.0,3551-GAEGL,0.0006535782
cat__city_Richgrove,0.0,0.0,3551-GAEGL,0.0006535782
cat__city_Rialto,0.0,0.0,3551-GAEGL,0.0006535782
cat__city_Reseda,0.0,0.0,3551-GAEGL,0.0006535782
cat__city_Rescue,0.0,0.0,3551-GAEGL,0.0006535782
cat__city_Salyer,0.0,0.0,3551-GAEGL,0.0006535782
cat__city_Salton City,0.0,0.0,3551-GAEGL,0.0006535782
cat__city_Salinas,0.0,0.0,3551-GAEGL,0.0006535782
cat__city_Salida,0.0,0.0,3551-GAEGL,0.0006535782
cat__city_Saint Helena,0.0,0.0,3551-GAEGL,0.0006535782
cat__city_Westport,0.0,0.0,3551-GAEGL,0.0006535782
cat__city_Running Springs,0.0,0.0,3551-GAEGL,0.0006535782
cat__city_Rowland Heights,0.0,0.0,3551-GAEGL,0.0006535782
cat__city_Round Mountain,0.0,0.0,3551-GAEGL,0.0006535782
cat__city_Rough And Ready,0.0,0.0,3551-GAEGL,0.0006535782
cat__city_Roseville,0.0,0.0,3551-GAEGL,0.0006535782
cat__city_Rosemead,0.0,0.0,3551-GAEGL,0.0006535782
cat__city_Rosamond,0.0,0.0,3551-GAEGL,0.0006535782
cat__city_Rohnert Park,0.0,0.0,3551-GAEGL,0.0006535782
cat__city_Rodeo,0.0,0.0,3551-GAEGL,0.0006535782
cat__city_Rocklin,0.0,0.0,3551-GAEGL,0.0006535782
cat__city_Samoa,0.0,0.0,3551-GAEGL,0.0006535782
cat__city_Annapolis,0.0,0.0,3551-GAEGL,0.0006535782
cat__city_Angwin,0.0,0.0,3551-GAEGL,0.0006535782
cat__city_Angelus Oaks,0.0,0.0,3551-GAEGL,0.0006535782
cat__city_Angels Camp,0.0,0.0,3551-GAEGL,0.0006535782
cat__city_Anderson,0.0,0.0,3551-GAEGL,0.0006535782
cat__city_Amboy,0.0,0.0,3551-GAEGL,0.0006535782
cat__city_Amador City,0.0,0.0,3551-GAEGL,0.0006535782
cat__city_Alviso,0.0,0.0,3551-GAEGL,0.0006535782
cat__city_Alturas,0.0,0.0,3551-GAEGL,0.0006535782
cat__city_Altadena,0.0,0.0,3551-GAEGL,0.0006535782
cat__city_Alta,0.0,0.0,3551-GAEGL,0.0006535782
cat__city_Alpine,0.0,0.0,3551-GAEGL,0.0006535782
cat__city_Alpaugh,0.0,0.0,3551-GAEGL,0.0006535782
cat__city_Alleghany,0.0,0.0,3551-GAEGL,0.0006535782
cat__city_Aliso Viejo,0.0,0.0,3551-GAEGL,0.0006535782
cat__city_Yreka,0.0,0.0,3551-GAEGL,0.0006535782
cat__city_San Joaquin,0.0,0.0,3551-GAEGL,0.0006535782
cat__city_San Jacinto,0.0,0.0,3551-GAEGL,0.0006535782
cat__city_San Gregorio,0.0,0.0,3551-GAEGL,0.0006535782
cat__city_San Geronimo,0.0,0.0,3551-GAEGL,0.0006535782
cat__city_San Gabriel,0.0,0.0,3551-GAEGL,0.0006535782
cat__city_Windsor,0.0,0.0,3551-GAEGL,0.0006535782
cat__city_San Fernando,0.0,0.0,3551-GAEGL,0.0006535782
cat__city_San Dimas,0.0,0.0,3551-GAEGL,0.0006535782
cat__city_San Clemente,0.0,0.0,3551-GAEGL,0.0006535782
cat__city_San Carlos,0.0,0.0,3551-GAEGL,0.0006535782
cat__city_San Bruno,0.0,0.0,3551-GAEGL,0.0006535782
cat__city_San Bernardino,0.0,0.0,3551-GAEGL,0.0006535782
cat__city_San Ardo,0.0,0.0,3551-GAEGL,0.0006535782
cat__city_San Anselmo,0.0,0.0,3551-GAEGL,0.0006535782
cat__city_San Andreas,0.0,0.0,3551-GAEGL,0.0006535782
cat__city_San Ramon,0.0,0.0,3551-GAEGL,0.0006535782
cat__city_San Rafael,0.0,0.0,3551-GAEGL,0.0006535782
cat__city_San Quentin,0.0,0.0,3551-GAEGL,0.0006535782
cat__city_San Pedro,0.0,0.0,3551-GAEGL,0.0006535782
cat__city_San Pablo,0.0,0.0,3551-GAEGL,0.0006535782
cat__city_San Miguel,0.0,0.0,3551-GAEGL,0.0006535782
cat__city_San Mateo,0.0,0.0,3551-GAEGL,0.0006535782
cat__city_San Martin,0.0,0.0,3551-GAEGL,0.0006535782
cat__city_San Marino,0.0,0.0,3551-GAEGL,0.0006535782
cat__city_San Marcos,0.0,0.0,3551-GAEGL,0.0006535782
cat__city_San Luis Obispo,0.0,0.0,3551-GAEGL,0.0006535782
cat__city_San Lucas,0.0,0.0,3551-GAEGL,0.0006535782
cat__city_San Lorenzo,0.0,0.0,3551-GAEGL,0.0006535782
cat__city_San Leandro,0.0,0.0,3551-GAEGL,0.0006535782
cat__city_San Juan Capistrano,0.0,0.0,3551-GAEGL,0.0006535782
cat__city_San Juan Bautista,0.0,0.0,3551-GAEGL,0.0006535782
cat__city_Santa Ysabel,0.0,0.0,3551-GAEGL,0.0006535782
cat__city_Santa Ynez,0.0,0.0,3551-GAEGL,0.0006535782
cat__city_Santa Rosa,0.0,0.0,3551-GAEGL,0.0006535782
cat__city_Santa Paula,0.0,0.0,3551-GAEGL,0.0006535782
cat__city_Santa Monica,0.0,0.0,3551-GAEGL,0.0006535782
cat__city_Santa Maria,0.0,0.0,3551-GAEGL,0.0006535782
cat__city_Santa Margarita,0.0,0.0,3551-GAEGL,0.0006535782
cat__city_Santa Fe Springs,0.0,0.0,3551-GAEGL,0.0006535782
cat__city_Santa Cruz,0.0,0.0,3551-GAEGL,0.0006535782
cat__city_Santa Clarita,0.0,0.0,3551-GAEGL,0.0006535782
cat__city_Santa Clara,0.0,0.0,3551-GAEGL,0.0006535782
cat__city_Santa Barbara,0.0,0.0,3551-GAEGL,0.0006535782
cat__city_Santa Ana,0.0,0.0,3551-GAEGL,0.0006535782
cat__city_Sanger,0.0,0.0,3551-GAEGL,0.0006535782
cat__city_San Ysidro,0.0,0.0,3551-GAEGL,0.0006535782
cat__city_San Simeon,0.0,0.0,3551-GAEGL,0.0006535782
cat__city_Shasta,0.0,0.0,3551-GAEGL,0.0006535782
cat__city_Shandon,0.0,0.0,3551-GAEGL,0.0006535782
cat__city_Shafter,0.0,0.0,3551-GAEGL,0.0006535782
cat__city_Sequoia National Park,0.0,0.0,3551-GAEGL,0.0006535782
cat__city_Selma,0.0,0.0,3551-GAEGL,0.0006535782
cat__city_Seiad Valley,0.0,0.0,3551-GAEGL,0.0006535782
cat__city_Seeley,0.0,0.0,3551-GAEGL,0.0006535782
cat__city_Sebastopol,0.0,0.0,3551-GAEGL,0.0006535782
cat__city_Seaside,0.0,0.0,3551-GAEGL,0.0006535782
cat__city_Seal Beach,0.0,0.0,3551-GAEGL,0.0006535782
cat__city_Scotts Valley,0.0,0.0,3551-GAEGL,0.0006535782
cat__city_Scott Bar,0.0,0.0,3551-GAEGL,0.0006535782
cat__city_Scotia,0.0,0.0,3551-GAEGL,0.0006535782
cat__city_Sausalito,0.0,0.0,3551-GAEGL,0.0006535782
cat__city_Saratoga,0.0,0.0,3551-GAEGL,0.0006535782
cat__city_Santee,0.0,0.0,3551-GAEGL,0.0006535782
cat__city_Smith River,0.0,0.0,3551-GAEGL,0.0006535782
cat__city_Smartville,0.0,0.0,3551-GAEGL,0.0006535782
cat__city_Sloughhouse,0.0,0.0,3551-GAEGL,0.0006535782
cat__city_Simi Valley,0.0,0.0,3551-GAEGL,0.0006535782
cat__city_Silverado,0.0,0.0,3551-GAEGL,0.0006535782
cat__city_Sierraville,0.0,0.0,3551-GAEGL,0.0006535782
cat__city_Sierra Madre,0.0,0.0,3551-GAEGL,0.0006535782
cat__city_Sierra City,0.0,0.0,3551-GAEGL,0.0006535782
cat__city_Shoshone,0.0,0.0,3551-GAEGL,0.0006535782
cat__city_Shingletown,0.0,0.0,3551-GAEGL,0.0006535782
cat__city_Shingle Springs,0.0,0.0,3551-GAEGL,0.0006535782
cat__city_Sherman Oaks,0.0,0.0,3551-GAEGL,0.0006535782
cat__city_Sheridan,0.0,0.0,3551-GAEGL,0.0006535782
cat__city_Sheep Ranch,0.0,0.0,3551-GAEGL,0.0006535782
cat__city_Shaver Lake,0.0,0.0,3551-GAEGL,0.0006535782
cat__city_Shasta Lake,0.0,0.0,3551-GAEGL,0.0006535782
cat__city_South Lake Tahoe,0.0,0.0,3551-GAEGL,0.0006535782
cat__city_South Gate,0.0,0.0,3551-GAEGL,0.0006535782
cat__city_South El Monte,0.0,0.0,3551-GAEGL,0.0006535782
cat__city_South Dos Palos,0.0,0.0,3551-GAEGL,0.0006535782
cat__city_Soulsbyville,0.0,0.0,3551-GAEGL,0.0006535782
cat__city_Soquel,0.0,0.0,3551-GAEGL,0.0006535782
cat__city_Sonora,0.0,0.0,3551-GAEGL,0.0006535782
cat__city_Sonoma,0.0,0.0,3551-GAEGL,0.0006535782
cat__city_Somis,0.0,0.0,3551-GAEGL,0.0006535782
cat__city_Somes Bar,0.0,0.0,3551-GAEGL,0.0006535782
cat__city_Somerset,0.0,0.0,3551-GAEGL,0.0006535782
cat__city_Solvang,0.0,0.0,3551-GAEGL,0.0006535782
cat__city_Soledad,0.0,0.0,3551-GAEGL,0.0006535782
cat__city_Solana Beach,0.0,0.0,3551-GAEGL,0.0006535782
cat__city_Soda Springs,0.0,0.0,3551-GAEGL,0.0006535782
cat__city_Snelling,0.0,0.0,3551-GAEGL,0.0006535782
cat__city_Strathmore,0.0,0.0,3551-GAEGL,0.0006535782
cat__city_Stratford,0.0,0.0,3551-GAEGL,0.0006535782
cat__city_Stonyford,0.0,0.0,3551-GAEGL,0.0006535782
cat__city_Stockton,0.0,0.0,3551-GAEGL,0.0006535782
cat__city_Stirling City,0.0,0.0,3551-GAEGL,0.0006535782
cat__city_Stinson Beach,0.0,0.0,3551-GAEGL,0.0006535782
cat__city_Stevinson,0.0,0.0,3551-GAEGL,0.0006535782
cat__city_Stevenson Ranch,0.0,0.0,3551-GAEGL,0.0006535782
cat__city_Stanton,0.0,0.0,3551-GAEGL,0.0006535782
cat__city_Stanford,0.0,0.0,3551-GAEGL,0.0006535782
cat__city_Standish,0.0,0.0,3551-GAEGL,0.0006535782
cat__city_Squaw Valley,0.0,0.0,3551-GAEGL,0.0006535782
cat__city_Springville,0.0,0.0,3551-GAEGL,0.0006535782
cat__city_Spring Valley,0.0,0.0,3551-GAEGL,0.0006535782
cat__city_South San Francisco,0.0,0.0,3551-GAEGL,0.0006535782
cat__city_South Pasadena,0.0,0.0,3551-GAEGL,0.0006535782
cat__city_Sutter Creek,0.0,0.0,3551-GAEGL,0.0006535782
cat__city_Sutter,0.0,0.0,3551-GAEGL,0.0006535782
cat__city_Susanville,0.0,0.0,3551-GAEGL,0.0006535782
cat__city_Surfside,0.0,0.0,3551-GAEGL,0.0006535782
cat__city_Sunset Beach,0.0,0.0,3551-GAEGL,0.0006535782
cat__city_Sunol,0.0,0.0,3551-GAEGL,0.0006535782
cat__city_Sunnyvale,0.0,0.0,3551-GAEGL,0.0006535782
cat__city_Sunland,0.0,0.0,3551-GAEGL,0.0006535782
cat__city_Sun Valley,0.0,0.0,3551-GAEGL,0.0006535782
cat__city_Sun City,0.0,0.0,3551-GAEGL,0.0006535782
cat__city_Summerland,0.0,0.0,3551-GAEGL,0.0006535782
cat__city_Sultana,0.0,0.0,3551-GAEGL,0.0006535782
cat__city_Suisun City,0.0,0.0,3551-GAEGL,0.0006535782
cat__city_Sugarloaf,0.0,0.0,3551-GAEGL,0.0006535782
cat__city_Studio City,0.0,0.0,3551-GAEGL,0.0006535782
cat__city_Strawberry Valley,0.0,0.0,3551-GAEGL,0.0006535782
cat__city_Terra Bella,0.0,0.0,3551-GAEGL,0.0006535782
cat__city_Termo,0.0,0.0,3551-GAEGL,0.0006535782
cat__city_Templeton,0.0,0.0,3551-GAEGL,0.0006535782
cat__city_Temple City,0.0,0.0,3551-GAEGL,0.0006535782
cat__city_Temecula,0.0,0.0,3551-GAEGL,0.0006535782
cat__city_Tehama,0.0,0.0,3551-GAEGL,0.0006535782
cat__city_Tehachapi,0.0,0.0,3551-GAEGL,0.0006535782
cat__city_Tecopa,0.0,0.0,3551-GAEGL,0.0006535782
cat__city_Tecate,0.0,0.0,3551-GAEGL,0.0006535782
cat__city_Taylorsville,0.0,0.0,3551-GAEGL,0.0006535782
cat__city_Tarzana,0.0,0.0,3551-GAEGL,0.0006535782
cat__city_Tahoma,0.0,0.0,3551-GAEGL,0.0006535782
cat__city_Tahoe Vista,0.0,0.0,3551-GAEGL,0.0006535782
cat__city_Tahoe City,0.0,0.0,3551-GAEGL,0.0006535782
cat__city_Taft,0.0,0.0,3551-GAEGL,0.0006535782
cat__city_Sylmar,0.0,0.0,3551-GAEGL,0.0006535782
cat__city_Traver,0.0,0.0,3551-GAEGL,0.0006535782
cat__city_Tranquillity,0.0,0.0,3551-GAEGL,0.0006535782
cat__city_Tracy,0.0,0.0,3551-GAEGL,0.0006535782
cat__city_Trabuco Canyon,0.0,0.0,3551-GAEGL,0.0006535782
cat__city_Torrance,0.0,0.0,3551-GAEGL,0.0006535782
cat__city_Topaz,0.0,0.0,3551-GAEGL,0.0006535782
cat__city_Topanga,0.0,0.0,3551-GAEGL,0.0006535782
cat__city_Tomales,0.0,0.0,3551-GAEGL,0.0006535782
cat__city_Tollhouse,0.0,0.0,3551-GAEGL,0.0006535782
cat__city_Tipton,0.0,0.0,3551-GAEGL,0.0006535782
cat__city_Three Rivers,0.0,0.0,3551-GAEGL,0.0006535782
cat__city_Thousand Palms,0.0,0.0,3551-GAEGL,0.0006535782
cat__city_Thousand Oaks,0.0,0.0,3551-GAEGL,0.0006535782
cat__city_Thornton,0.0,0.0,3551-GAEGL,0.0006535782
cat__city_Thermal,0.0,0.0,3551-GAEGL,0.0006535782
cat__city_The Sea Ranch,0.0,0.0,3551-GAEGL,0.0006535782
cat__city_Twin Bridges,0.0,0.0,3551-GAEGL,0.0006535782
cat__city_Twentynine Palms,0.0,0.0,3551-GAEGL,0.0006535782
cat__city_Twain Harte,0.0,0.0,3551-GAEGL,0.0006535782
cat__city_Twain,0.0,0.0,3551-GAEGL,0.0006535782
cat__city_Tustin,0.0,0.0,3551-GAEGL,0.0006535782
cat__city_Turlock,0.0,0.0,3551-GAEGL,0.0006535782
cat__city_Tupman,0.0,0.0,3551-GAEGL,0.0006535782
cat__city_Tuolumne,0.0,0.0,3551-GAEGL,0.0006535782
cat__city_Tulelake,0.0,0.0,3551-GAEGL,0.0006535782
cat__city_Tulare,0.0,0.0,3551-GAEGL,0.0006535782
cat__city_Tujunga,0.0,0.0,3551-GAEGL,0.0006535782
cat__city_Truckee,0.0,0.0,3551-GAEGL,0.0006535782
cat__city_Trona,0.0,0.0,3551-GAEGL,0.0006535782
cat__city_Trinity Center,0.0,0.0,3551-GAEGL,0.0006535782
cat__city_Trinidad,0.0,0.0,3551-GAEGL,0.0006535782
cat__city_Travis Afb,0.0,0.0,3551-GAEGL,0.0006535782
cat__city_Ventura,0.0,0.0,3551-GAEGL,0.0006535782
cat__city_Venice,0.0,0.0,3551-GAEGL,0.0006535782
cat__city_Van Nuys,0.0,0.0,3551-GAEGL,0.0006535782
cat__city_Valyermo,0.0,0.0,3551-GAEGL,0.0006535782
cat__city_Valley Village,0.0,0.0,3551-GAEGL,0.0006535782
cat__city_Valley Springs,0.0,0.0,3551-GAEGL,0.0006535782
cat__city_Valley Ford,0.0,0.0,3551-GAEGL,0.0006535782
cat__city_Valley Center,0.0,0.0,3551-GAEGL,0.0006535782
cat__city_Vallejo,0.0,0.0,3551-GAEGL,0.0006535782
cat__city_Vallecito,0.0,0.0,3551-GAEGL,0.0006535782
cat__city_Valencia,0.0,0.0,3551-GAEGL,0.0006535782
cat__city_Vacaville,0.0,0.0,3551-GAEGL,0.0006535782
cat__city_Upper Lake,0.0,0.0,3551-GAEGL,0.0006535782
cat__city_Upland,0.0,0.0,3551-GAEGL,0.0006535782
cat__city_Union City,0.0,0.0,3551-GAEGL,0.0006535782
cat__city_Ukiah,0.0,0.0,3551-GAEGL,0.0006535782
cat__city_Waterford,0.0,0.0,3551-GAEGL,0.0006535782
cat__city_Washington,0.0,0.0,3551-GAEGL,0.0006535782
cat__city_Wasco,0.0,0.0,3551-GAEGL,0.0006535782
cat__city_Warner Springs,0.0,0.0,3551-GAEGL,0.0006535782
cat__city_Walnut Grove,0.0,0.0,3551-GAEGL,0.0006535782
cat__city_Walnut Creek,0.0,0.0,3551-GAEGL,0.0006535782
cat__city_Walnut,0.0,0.0,3551-GAEGL,0.0006535782
cat__city_Wallace,0.0,0.0,3551-GAEGL,0.0006535782
cat__city_Volcano,0.0,0.0,3551-GAEGL,0.0006535782
cat__city_Vista,0.0,0.0,3551-GAEGL,0.0006535782
cat__city_Visalia,0.0,0.0,3551-GAEGL,0.0006535782
cat__city_Vina,0.0,0.0,3551-GAEGL,0.0006535782
cat__city_Villa Park,0.0,0.0,3551-GAEGL,0.0006535782
cat__city_Vidal,0.0,0.0,3551-GAEGL,0.0006535782
cat__city_Victorville,0.0,0.0,3551-GAEGL,0.0006535782
cat__city_Vernalis,0.0,0.0,3551-GAEGL,0.0006535782
cat__city_Westmorland,0.0,0.0,3551-GAEGL,0.0006535782
cat__city_Westminster,0.0,0.0,3551-GAEGL,0.0006535782
cat__city_Westley,0.0,0.0,3551-GAEGL,0.0006535782
cat__city_Westlake Village,0.0,0.0,3551-GAEGL,0.0006535782
cat__city_West Sacramento,0.0,0.0,3551-GAEGL,0.0006535782
cat__city_West Point,0.0,0.0,3551-GAEGL,0.0006535782
cat__city_West Hollywood,0.0,0.0,3551-GAEGL,0.0006535782
cat__city_West Hills,0.0,0.0,3551-GAEGL,0.0006535782
cat__city_West Covina,0.0,0.0,3551-GAEGL,0.0006535782
cat__city_Weott,0.0,0.0,3551-GAEGL,0.0006535782
cat__city_Wendel,0.0,0.0,3551-GAEGL,0.0006535782
cat__city_Weldon,0.0,0.0,3551-GAEGL,0.0006535782
cat__city_Weimar,0.0,0.0,3551-GAEGL,0.0006535782
cat__city_Weed,0.0,0.0,3551-GAEGL,0.0006535782
cat__city_Weaverville,0.0,0.0,3551-GAEGL,0.0006535782
cat__city_Watsonville,0.0,0.0,3551-GAEGL,0.0006535782
cat__city_Winchester,0.0,0.0,3551-GAEGL,0.0006535782
cat__city_Agoura Hills,0.0,0.0,3551-GAEGL,0.0006535782
cat__city_Woody,0.0,0.0,3551-GAEGL,0.0006535782
cat__city_Woodland Hills,0.0,0.0,3551-GAEGL,0.0006535782
cat__city_Woodland,0.0,0.0,3551-GAEGL,0.0006535782
cat__city_Woodlake,0.0,0.0,3551-GAEGL,0.0006535782
cat__city_Woodbridge,0.0,0.0,3551-GAEGL,0.0006535782
cat__city_Woodacre,0.0,0.0,3551-GAEGL,0.0006535782
cat__city_Wofford Heights,0.0,0.0,3551-GAEGL,0.0006535782
cat__city_Witter Springs,0.0,0.0,3551-GAEGL,0.0006535782
cat__city_Wishon,0.0,0.0,3551-GAEGL,0.0006535782
cat__city_Winton,0.0,0.0,3551-GAEGL,0.0006535782
cat__city_Winters,0.0,0.0,3551-GAEGL,0.0006535782
cat__city_Winterhaven,0.0,0.0,3551-GAEGL,0.0006535782
cat__city_Winnetka,0.0,0.0,3551-GAEGL,0.0006535782
cat__city_Acampo,0.0,0.0,3551-GAEGL,0.0006535782
cat__city_Acton,0.0,0.0,3551-GAEGL,0.0006535782
cat__city_Yountville,0.0,0.0,3551-GAEGL,0.0006535782
cat__city_Yosemite National Park,0.0,0.0,3551-GAEGL,0.0006535782
cat__city_Yorkville,0.0,0.0,3551-GAEGL,0.0006535782
cat__city_Yorba Linda,0.0,0.0,3551-GAEGL,0.0006535782
cat__city_Yermo,0.0,0.0,3551-GAEGL,0.0006535782
cat__city_Wrightwood,0.0,0.0,3551-GAEGL,0.0006535782
cat__city_Alhambra,0.0,0.0,3551-GAEGL,0.0006535782
cat__city_Alderpoint,0.0,0.0,3551-GAEGL,0.0006535782
cat__city_Albion,0.0,0.0,3551-GAEGL,0.0006535782
cat__city_Albany,0.0,0.0,3551-GAEGL,0.0006535782
cat__city_Alamo,0.0,0.0,3551-GAEGL,0.0006535782
cat__city_Alameda,0.0,0.0,3551-GAEGL,0.0006535782
cat__city_Ahwahnee,0.0,0.0,3551-GAEGL,0.0006535782
cat__city_Aguanga,0.0,0.0,3551-GAEGL,0.0006535782
cat__city_Adelanto,0.0,0.0,3551-GAEGL,0.0006535782
